,,,,,,,,,,,,,,,,,,,,,,,,,,,,,,,,,,,,,,,,,
จำนวนนักท่องเที่ยว ปี 2566P,,,,,,,,,,,,,,จำนวนนักท่องเที่ยว ปี 2565P,,,,,,,,,,,,,,%การเปลี่ยนแปลง,,,,,,,,,,,,,
,,,,,,,,,,,,,,,,,,,,,,,,,,,,,,,,,,,,,,,,,
Country of,2023p,,,,,,,,,,,,,Country of,2022p,,,,,,,,,,,,,Country of,%CHANG,,,,,,,,,,,,
Nationality,Jan,Feb,Mar R,Apr,May,Jun,Jul,Aug,Sep,Oct,Nov,Dec,YTD (Jan-Dec),Nationality,Jan,Feb,Mar,Apr,May,Jun,Jul,Aug,Sep,Oct,Nov,Dec,YTD (Jan-Dec),Nationality,Jan,Feb,Mar,Apr,May,Jun,Jul,Aug,Sep,Oct,Nov,Dec,YTD
Asia and the Pacific,"1,281,532","1,277,199","1,506,054","1,615,515","1,595,745","1,805,515","1,884,948","1,918,315","1,687,354","1,613,854","1,773,401","2,218,326","20,177,758",Asia and the Pacific,"24,700","36,024","74,990","135,516","341,651","564,670","818,517","875,329","974,857","1,062,452","1,115,258","1,448,342","7,472,306",Asia and the Pacific,"+5,088.39","+3,445.41","+1,840.74","+1,092.12",+367.07,+219.75,+130.29,+119.15,+73.09,51.90 ,59.01 ,53.16 ,170.03 
South-East Asia,"664,990","631,430","746,297","793,741","805,437","912,273","852,955","910,185","822,499","766,137","853,406","1,062,930","9,822,280",South-East Asia,"9,476","15,365","29,579","55,637","184,164","339,570","526,810","558,006","652,820","684,682","666,048","866,123","4,588,280",South-East Asia,"+6,917.62","+4,009.53","+2,251.68","+1,326.64",+337.35,+168.66,+61.91,+63.11,+25.99,11.90 ,28.13 ,22.72 ,114.07 
Brunei,748,848,754,935,"1,065","1,005","1,198","1,551",988,984,"1,426","2,632","14,134",Brunei,3,3,54,26,159,284,536,564,690,649,997,"1,829","5,794",Brunei,"+24,833.33","+28,166.67","+1,296.30","+3,496.15",+569.81,+253.87,+123.51,+175.00,+43.19,51.62 ,43.03 ,43.90 ,143.94 
Cambodia,"46,235","41,791","45,202","45,687","51,160","47,414","47,878","56,265","48,352","47,590","52,138","53,996","583,708",Cambodia,562,"1,651","2,527","4,995","23,106","42,000","64,814","62,955","62,521","57,958","69,157","71,895","464,141",Cambodia,"+8,126.87","+2,431.25","+1,660.82",+814.65,+121.41,+12.89,-26.13,-10.63,-22.66,(17.89),(24.61),(24.90),25.76 
Indonesia,"45,410","46,915","53,067","63,952","62,203","72,061","71,526","63,152","65,709","64,554","71,481","82,088","762,118",Indonesia,322,512,"1,459","3,147","9,027","13,236","17,901","24,678","30,346","35,064","44,750","51,305","231,747",Indonesia,"+14,002.48","+9,063.09","+3,537.22","+1,932.16",+589.08,+444.43,+299.56,+155.90,+116.53,84.10 ,59.73 ,60.00 ,228.86 
Laos,"85,353","56,042","58,222","67,930","77,328","78,382","83,014","84,275","78,996","82,985","78,147","88,727","919,401",Laos,708,890,"1,177","1,931","15,345","30,414","62,690","71,193","70,560","77,942","76,558","77,807","487,215",Laos,"+11,955.51","+6,196.85","+3,585.22","+3,417.87",+403.93,+157.72,+32.42,+18.38,+11.96,6.47 ,2.08 ,14.03 ,88.71 
Malaysia,"288,745","305,367","362,070","401,394","373,922","408,356","371,200","438,556","388,197","348,403","392,969","547,243","4,626,422",Malaysia,"4,632","5,108","8,293","14,032","62,897","126,150","223,759","223,712","312,018","323,094","247,543","398,292","1,949,530",Malaysia,"+6,133.70","+5,878.21","+3,842.24","+2,760.56",+494.50,+223.71,+65.89,+96.04,+24.41,7.83 ,58.75 ,37.40 ,137.31 
Myanmar,"30,764","22,405","27,478","33,737","32,369","33,063","34,698","32,666","32,124","34,579","34,206","46,045","394,134",Myanmar,"1,448","1,721","3,375","5,179","10,861","16,772","25,254","25,062","24,294","27,197","29,827","40,935","211,925",Myanmar,"+2,024.59","+1,201.86",+714.16,+551.42,+198.03,+97.13,+37.40,+30.34,+32.23,27.14 ,14.68 ,12.48 ,85.98 
Philippines,"27,440","27,540","33,678","32,915","35,865","46,115","46,350","43,784","38,775","40,895","43,514","44,380","461,251",Philippines,530,"1,118","2,190","3,480","6,441","10,524","15,369","18,196","20,184","27,081","31,078","32,779","168,970",Philippines,"+5,077.36","+2,363.33","+1,437.81",+845.83,+456.82,+338.19,+201.58,+140.62,+92.11,51.01 ,40.02 ,35.39 ,172.98 
Singapore,"69,106","60,792","83,250","62,845","79,864","115,636","75,307","76,697","87,296","78,386","109,508","128,737","1,027,424",Singapore,869,"2,825","7,699","17,707","37,708","59,742","56,146","58,360","69,394","67,548","100,688","131,483","610,169",Singapore,"+7,852.36","+2,051.93",+981.31,+254.92,+111.80,+93.56,+34.13,+31.42,+25.80,16.04 ,8.76 ,(2.09),68.38 
Vietnam,"71,189","69,730","82,576","84,346","91,661","110,241","121,784","113,239","82,062","67,761","70,017","69,082","1,033,688",Vietnam,402,"1,537","2,805","5,140","18,620","40,448","60,341","73,286","62,813","68,149","65,450","59,798","458,789",Vietnam,"+17,608.71","+4,436.76","+2,843.89","+1,540.97",+392.27,+172.55,+101.83,+54.52,+30.64,(0.57),6.98 ,15.53 ,125.31 
North-East Asia,"422,938","468,121","551,202","598,386","557,118","641,800","796,108","785,052","624,747","603,770","672,766","855,642","7,577,650",North-East Asia,"9,179","10,412","16,019","30,707","46,620","68,455","124,256","148,048","141,201","181,111","233,058","328,689","1,337,755",North-East Asia,"+4,507.67","+4,395.98","+3,340.93","+1,848.70","+1,095.02",+837.55,+540.70,+430.27,+342.45,233.37 ,188.67 ,160.32 ,466.45 
China,"91,841","155,656","269,773","328,414","285,547","311,888","410,311","355,146","284,989","291,323","310,266","425,941","3,521,095",China,"2,657","4,012","4,834","7,977","14,010","18,986","25,561","27,823","30,250","33,128","35,202","54,146","258,586",China,"+3,356.57","+3,779.76","+5,480.74","+4,017.01","+1,938.17","+1,542.73","+1,505.22","+1,176.45",+842.11,779.39 ,781.39 ,686.65 ,"1,261.67 "
Hong Kong (China),"59,816","41,967","55,432","67,897","59,242","76,006","93,907","100,437","61,274","57,917","57,192","71,281","802,368",Hong Kong (China),279,747,"1,631","2,035","3,009","4,294","6,105","7,450","9,387","26,041","39,007","57,191","157,176",Hong Kong (China),"+21,339.43","+5,518.07","+3,298.65","+3,236.46","+1,868.83","+1,670.05","+1,438.20","+1,248.15",+552.75,122.41 ,46.62 ,24.64 ,410.49 
Japan,"46,336","65,451","60,489","45,258","53,744","55,763","66,164","101,847","80,010","58,205","87,230","85,271","805,768",Japan,"2,348","2,127","4,676","11,163","11,807","16,805","28,231","39,002","35,745","36,994","45,880","53,564","288,342",Japan,"+1,873.42","+2,977.15","+1,193.61",+305.43,+355.19,+231.82,+134.37,+161.13,+123.84,57.34 ,90.13 ,59.19 ,179.45 
Korea (Dem. People's Republic of),0,0,1,0,0,0,0,3,0,0,0,1,5,Korea (Dem. People's Republic of),0,0,0,0,0,0,1,0,0,0,0,1,2,Korea (Dem. People's Republic of),-,-,-,-,-,-,-100.00,-,-,#DIV/0!,#DIV/0!,0.00 ,150.00 
Korea (Republic of),"169,462","157,440","115,038","95,830","103,031","122,278","150,385","146,387","133,135","128,215","147,198","191,643","1,660,042",Korea (Republic of),"1,920","2,134","3,371","8,238","15,682","25,186","58,267","65,385","57,632","72,193","91,160","130,517","531,685",Korea (Republic of),"+8,726.15","+7,277.69","+3,312.58","+1,063.27",+557.00,+385.50,+158.10,+123.88,+131.01,77.60 ,61.47 ,46.83 ,212.22 
Macao (China),853,"1,420","2,194","3,467","3,549","4,167","6,137","7,323","3,279","2,591","2,384","3,528","40,892",Macao (China),2,24,25,43,71,81,129,187,188,210,206,348,"1,514",Macao (China),"+42,550.00","+5,816.67","+8,676.00","+7,962.79","+4,898.59","+5,044.44","+4,657.36","+3,816.04","+1,644.15","1,133.81 ","1,057.28 ",913.79 ,"2,600.92 "
Mongolia,"5,138","3,192","1,640",893,781,781,"1,217",714,760,734,"1,959","5,077","22,886",Mongolia,"1,805",988,774,257,263,356,494,494,442,545,970,"3,407","10,795",Mongolia,+184.65,+223.08,+111.89,+247.47,+196.96,+119.38,+146.36,+44.53,+71.95,34.68 ,101.96 ,49.02 ,112.01 
Taiwan Province of China,"49,492","42,995","46,635","56,627","51,224","70,917","67,987","73,195","61,300","64,785","66,537","72,900","724,594",Taiwan Province of China,168,380,708,994,"1,778","2,747","5,468","7,707","7,557","12,000","20,633","29,515","89,655",Taiwan Province of China,"+29,359.52","+11,214.47","+6,486.86","+5,596.88","+2,780.99","+2,481.62","+1,143.36",+849.72,+711.17,439.88 ,222.48 ,146.99 ,708.20 
South Asia,"130,381","127,299","150,855","156,364","174,951","184,898","164,199","162,260","175,253","176,472","179,748","216,110","1,998,790",South Asia,"2,237","5,272","20,436","30,975","90,490","127,764","127,628","133,559","139,606","148,345","166,581","185,244","1,178,137",South Asia,"+5,728.39","+2,314.62",+638.18,+404.81,+93.34,+44.72,+28.65,+21.49,+25.53,18.96 ,7.90 ,16.66 ,69.66 
Bangladesh,"10,724","9,760","10,843","10,212","10,853","10,694","13,624","12,524","12,408","13,521","10,602","14,892","140,657",Bangladesh,429,"1,520","3,610","2,170","6,254","5,985","9,092","8,913","10,200","9,596","8,646","12,333","78,748",Bangladesh,"+2,399.77",+542.11,+200.36,+370.60,+73.54,+78.68,+49.85,+40.51,+21.65,40.90 ,22.62 ,20.75 ,78.62 
Bhutan,"3,784","2,564","1,474","1,222","1,241","1,291","1,591","1,223","1,225","1,192","1,155","2,394","20,356",Bhutan,74,52,111,210,467,680,854,"1,127",873,"1,131","1,062","2,091","8,732",Bhutan,"+5,013.51","+4,830.77","+1,227.93",+481.90,+165.74,+89.85,+86.30,+8.52,+40.32,5.39 ,8.76 ,14.49 ,133.12 
India,"103,316","99,808","119,474","133,312","149,053","156,500","128,070","130,667","142,051","141,878","148,212","176,201","1,628,542",India,966,"1,945","11,241","25,978","76,598","111,772","104,270","111,366","114,495","124,546","143,576","153,528","980,281",India,"+10,595.24","+5,031.52",+962.84,+413.17,+94.59,+40.02,+22.83,+17.33,+24.07,13.92 ,3.23 ,14.77 ,66.13 
Iran,"2,173","2,475","7,698","3,063","2,637","3,451","3,760","4,706","5,848","5,440","5,442","4,883","51,576",Iran,234,313,"2,633",784,975,"1,453","1,087","1,701","3,335","2,265","2,403","2,620","19,803",Iran,+828.63,+690.73,+192.37,+290.69,+170.46,+137.51,+245.91,+176.66,+75.35,140.18 ,126.47 ,86.37 ,160.45 
Maldives,"1,452","1,757","1,665","1,105","1,829","2,973","4,287","1,743","1,403","2,357","1,942","3,072","25,585",Maldives,126,379,766,285,"1,500","1,287","3,539","1,451","1,454","1,766","1,340","2,889","16,782",Maldives,"+1,052.38",+363.59,+117.36,+287.72,+21.93,+131.00,+21.14,+20.12,-3.51,33.47 ,44.93 ,6.33 ,52.46 
Nepal,"1,957","2,403","2,241","2,387","2,301","2,445","2,906","2,566","2,944","3,774","2,999","3,129","32,052",Nepal,50,135,239,361,372,895,"1,779","1,928","1,854","2,086","1,094","2,040","12,833",Nepal,"+3,814.00","+1,680.00",+837.66,+561.22,+518.55,+173.18,+63.35,+33.09,+58.79,80.92 ,174.13 ,53.38 ,149.76 
Pakistan,"5,441","6,117","5,104","2,852","4,968","5,560","7,138","5,653","5,552","5,176","5,265","7,303","66,129",Pakistan,274,695,"1,426",690,"3,541","4,772","6,156","5,629","5,653","5,304","6,223","7,861","48,224",Pakistan,"+1,885.77",+780.14,+257.92,+313.33,+40.30,+16.51,+15.95,+0.43,-1.79,(2.41),(15.39),(7.10),37.13 
Sri Lanka,"1,534","2,415","2,356","2,211","2,069","1,984","2,823","3,178","3,822","3,134","4,131","4,236","33,893",Sri Lanka,84,233,410,497,783,920,851,"1,444","1,742","1,651","2,237","1,882","12,734",Sri Lanka,"+1,726.19",+936.48,+474.63,+344.87,+164.24,+115.65,+231.73,+120.08,+119.40,89.82 ,84.67 ,125.08 ,166.16 
Other in Asia,47,30,58,70,81,65,68,108,76,71,50,135,859,Other in Asia,2,4,31,9,23,6,44,40,44,38,39,70,350,Other in Asia,"+2,250.00",+650.00,+87.10,+677.78,+252.17,+983.33,+54.55,+170.00,+72.73,86.84 ,28.21 ,92.86 ,145.43 
Oceania,"63,176","50,319","57,642","66,954","58,158","66,479","71,618","60,710","64,779","67,404","67,431","83,509","778,179",Oceania,"3,806","4,971","8,925","18,188","20,354","28,875","39,779","35,676","41,186","48,276","49,532","68,216","367,784",Oceania,"+1,559.91",+912.25,+545.85,+268.12,+185.73,+130.23,+80.04,+70.17,+57.28,39.62 ,36.14 ,22.42 ,111.59 
Australia,"57,315","45,107","51,746","59,122","51,069","58,411","62,352","52,796","57,073","59,446","59,684","73,624","687,745",Australia,"3,547","4,633","8,169","16,823","18,447","26,269","35,786","31,680","37,194","42,931","43,976","61,142","330,597",Australia,"+1,515.87",+873.60,+533.44,+251.44,+176.84,+122.36,+74.24,+66.65,+53.45,38.47 ,35.72 ,20.41 ,108.03 
New Zealand,"5,558","4,946","5,584","7,476","6,690","7,733","8,938","7,508","7,204","7,535","7,340","9,385","85,897",New Zealand,237,304,695,"1,280","1,761","2,422","3,794","3,783","3,759","5,019","5,221","6,733","35,008",New Zealand,"+2,245.15","+1,526.97",+703.45,+484.06,+279.90,+219.28,+135.58,+98.47,+91.65,50.13 ,40.59 ,39.39 ,145.36 
  Other in Oceania,303,266,312,356,399,335,328,406,502,423,407,500,"4,537",Other in Oceania,22,34,61,85,146,184,199,213,233,326,335,341,"2,179",Other in Oceania,"+1,277.27",+682.35,+411.48,+318.82,+173.29,+82.07,+64.82,+90.61,+115.45,29.75 ,21.49 ,46.63 ,108.21 
Europe,"705,869","684,551","614,862","430,530","281,416","264,803","386,750","377,847","308,405","430,354","660,728","816,116","5,962,231",Europe,"93,335","99,527","104,002","122,163","100,262","123,784","207,110","216,431","197,175","295,687","458,113","623,487","2,641,076",Europe,+656.27,+587.80,+491.20,+252.42,+180.68,+113.92,+86.74,+74.58,+56.41,45.54 ,44.23 ,30.90 ,125.75 
Northern Europe,"158,894","148,123","137,951","97,361","67,717","78,828","93,342","72,840","62,553","91,577","134,633","198,834","1,342,653",Northern Europe,"24,061","24,823","32,076","43,355","32,156","45,285","62,649","51,722","50,210","77,100","106,517","161,440","711,394",Northern Europe,+560.38,+496.72,+330.08,+124.57,+110.59,+74.07,+48.99,+40.83,+24.58,18.78 ,26.40 ,23.16 ,88.74 
Denmark,"18,539","18,726","13,522","5,902","4,041","4,821","8,278","3,640","4,605","7,605","11,307","14,238","115,224",Denmark,"3,830","3,410","3,714","4,559","2,244","3,367","7,185","3,192","3,938","6,992","9,125","11,402","62,958",Denmark,+384.05,+449.15,+264.08,+29.46,+80.08,+43.18,+15.21,+14.04,+16.94,8.77 ,23.91 ,24.87 ,83.02 
Finland,"14,304","12,518","8,968","2,694","2,191","2,632","1,795","1,344","2,108","3,689","9,747","14,203","76,193",Finland,"2,763","2,501","1,822","1,239","1,112","1,923","1,078","1,124","2,099","3,021","7,577","11,389","37,648",Finland,+417.70,+400.52,+392.21,+117.43,+97.03,+36.87,+66.51,+19.57,+0.43,22.11 ,28.64 ,24.71 ,102.38 
Iceland,403,399,361,210,285,300,233,151,184,257,341,"1,043","4,167",Iceland,86,85,111,107,110,230,200,117,138,211,334,653,"2,382",Iceland,+368.60,+369.41,+225.23,+96.26,+159.09,+30.43,+16.50,+29.06,+33.33,21.80 ,2.10 ,59.72 ,74.94 
Ireland,"5,950","4,641","5,474","4,535","4,548","7,042","7,608","4,710","4,215","5,222","5,900","7,793","67,638",Ireland,591,676,"1,332","1,829","1,819","2,954","4,295","3,047","3,027","4,192","4,437","5,849","34,048",Ireland,+906.77,+586.54,+310.96,+147.95,+150.03,+138.39,+77.14,+54.58,+39.25,24.57 ,32.97 ,33.24 ,98.65 
Norway,"11,911","11,034","8,006","4,059","2,750","6,853","8,491","2,356","3,074","4,398","7,824","13,196","83,952",Norway,"1,551","1,689","1,900","2,570","1,566","4,561","5,430","2,225","2,885","4,342","5,872","10,583","45,174",Norway,+667.96,+553.29,+321.37,+57.94,+75.61,+50.25,+56.37,+5.89,+6.55,1.29 ,33.24 ,24.69 ,85.84 
Sweden,"30,972","26,030","19,869","8,321","4,464","8,543","7,065","4,067","4,632","10,003","17,550","36,743","178,259",Sweden,"6,499","4,748","3,830","4,149","2,313","5,219","5,124","2,980","3,893","7,473","14,431","34,192","94,851",Sweden,+376.57,+448.23,+418.77,+100.55,+93.00,+63.69,+37.88,+36.48,+18.98,33.86 ,21.61 ,7.46 ,87.94 
United Kingdom,"76,815","74,775","81,751","71,640","49,438","48,637","59,872","56,572","43,735","60,403","81,964","111,618","817,220",United Kingdom,"8,741","11,714","19,367","28,902","22,992","27,031","39,337","39,037","34,230","50,869","64,741","87,372","434,333",United Kingdom,+778.79,+538.34,+322.11,+147.87,+115.02,+79.93,+52.20,+44.92,+27.77,18.74 ,26.60 ,27.75 ,88.16 
Western Europe,"190,527","210,153","176,790","138,482","99,518","74,811","147,919","125,744","94,547","141,593","203,739","235,025","1,838,848",Western Europe,"25,647","33,496","38,357","47,460","39,021","43,709","95,347","88,853","71,423","108,226","144,047","164,707","900,293",Western Europe,+642.88,+527.40,+360.91,+191.79,+155.04,+71.16,+55.14,+41.52,+32.38,30.83 ,41.44 ,42.69 ,104.25 
Austria,"11,680","11,285","8,841","5,417","3,859","2,774","7,012","5,507","3,952","6,090","9,621","12,668","88,706",Austria,"1,593","1,678","1,675","1,926","1,503","1,498","3,975","3,729","3,127","4,652","6,648","9,516","41,520",Austria,+633.21,+572.53,+427.82,+181.26,+156.75,+85.18,+76.40,+47.68,+26.38,30.91 ,44.72 ,33.12 ,113.65 
Belgiun,"7,678","8,361","6,569","5,614","4,539","3,988","10,581","5,868","5,346","7,393","9,761","9,814","85,512",Belgiun,"1,236","1,359","1,711","2,363","2,011","2,582","7,370","4,490","4,240","5,821","7,046","6,792","47,021",Belgiun,+521.20,+515.23,+283.93,+137.58,+125.71,+54.45,+43.57,+30.69,+26.08,27.01 ,38.53 ,44.49 ,81.86 
France,"59,925","75,188","50,019","40,724","28,999","22,773","42,237","42,118","23,190","40,577","55,828","63,425","545,003",France,"6,666","12,140","12,250","13,711","12,375","12,278","27,644","29,600","17,346","30,951","39,727","45,535","260,223",France,+798.96,+519.34,+308.32,+197.02,+134.34,+85.48,+52.79,+42.29,+33.69,31.10 ,40.53 ,39.29 ,109.44 
Germany,"73,045","80,284","81,511","55,029","41,418","28,042","38,117","44,257","40,494","58,174","87,850","100,942","729,163",Germany,"11,323","13,310","16,804","19,380","15,074","18,481","25,976","32,735","31,272","44,489","60,719","67,326","356,889",Germany,+545.10,+503.19,+385.07,+183.95,+174.76,+51.73,+46.74,+35.20,+29.49,30.76 ,44.68 ,49.93 ,104.31 
Luxembourg,348,433,414,484,224,190,300,549,220,248,544,634,"4,588",Luxembourg,35,71,109,202,94,120,265,444,173,229,365,460,"2,567",Luxembourg,+894.29,+509.86,+279.82,+139.60,+138.30,+58.33,+13.21,+23.65,+27.17,8.30 ,49.04 ,37.83 ,78.73 
Netherlands,"21,012","17,740","15,776","16,538","13,134","11,255","35,508","21,414","13,820","16,748","22,716","23,878","229,539",Netherlands,"2,305","2,239","3,024","5,229","4,864","5,433","21,267","13,118","9,626","12,575","16,437","17,449","113,566",Netherlands,+811.58,+692.32,+421.69,+216.27,+170.02,+107.16,+66.96,+63.24,+43.57,33.18 ,38.20 ,36.84 ,102.12 
Switzerland,"16,839","16,862","13,660","14,676","7,345","5,789","14,164","6,031","7,525","12,363","17,419","23,664","156,337",Switzerland,"2,489","2,699","2,784","4,649","3,100","3,317","8,850","4,737","5,639","9,509","13,105","17,629","78,507",Switzerland,+576.54,+524.75,+390.66,+215.68,+136.94,+74.53,+60.05,+27.32,+33.45,30.01 ,32.92 ,34.23 ,99.14 
Central/Eastern Europe,"284,937","263,908","241,667","146,807","80,486","70,178","85,156","86,267","90,602","144,333","255,113","301,431","2,050,885",Central/Eastern Europe,"36,860","31,638","20,795","13,306","14,067","16,443","15,878","19,138","28,027","65,486","153,000","235,148","649,786",Central/Eastern Europe,+673.02,+734.15,"+1,062.14","+1,003.31",+472.16,+326.80,+436.31,+350.76,+223.27,120.40 ,66.74 ,28.19 ,215.62 
Belarus,"1,311","1,231","1,063",608,290,269,264,262,334,678,"1,221","1,531","9,062",Belarus,308,256,158,85,85,105,76,76,131,296,623,843,"3,042",Belarus,+325.65,+380.86,+572.78,+615.29,+241.18,+156.19,+247.37,+244.74,+154.96,129.05 ,95.99 ,81.61 ,197.90 
Bulgaria,"1,915","1,906","1,302",988,437,325,266,296,398,617,"1,798","2,461","12,709",Bulgaria,397,310,229,193,140,137,116,207,245,418,656,"1,688","4,736",Bulgaria,+382.37,+514.84,+468.56,+411.92,+212.14,+137.23,+129.31,+43.00,+62.45,47.61 ,174.09 ,45.79 ,168.35 
Czech Republic,"7,034","7,929","6,180","2,710","1,475","1,454","1,940","1,290","1,479","2,535","6,754","8,160","48,940",Czech Republic,665,889,889,657,579,792,"1,298","1,236","1,271","1,773","3,623","4,205","17,877",Czech Republic,+957.74,+791.90,+595.16,+312.48,+154.75,+83.59,+49.46,+4.37,+16.37,42.98 ,86.42 ,94.05 ,173.76 
Estonia,"2,784","2,863","1,644",499,380,235,222,246,380,734,"2,063","2,850","14,900",Estonia,"1,178","1,479",822,263,152,147,105,125,247,467,"1,294","2,148","8,427",Estonia,+136.33,+93.58,+100.00,+89.73,+150.00,+59.86,+111.43,+96.80,+53.85,57.17 ,59.43 ,32.68 ,76.81 
Hungary,"4,530","4,106","3,129","1,616",851,"1,033",830,778,946,"1,380","3,238","5,469","27,906",Hungary,661,429,405,428,432,529,486,543,669,"1,140","1,977","2,775","10,474",Hungary,+585.33,+857.11,+672.59,+277.57,+96.99,+95.27,+70.78,+43.28,+41.41,21.05 ,63.78 ,97.08 ,166.43 
Kazakhstan,"26,656","23,019","21,328","9,230","6,927","6,408","6,662","6,403","5,956","10,837","21,842","27,221","172,489",Kazakhstan,"3,482","4,339","4,331","1,498","1,693","1,798","1,733","1,663","2,169","5,884","12,750","18,128","59,468",Kazakhstan,+665.54,+430.51,+392.45,+516.15,+309.16,+256.40,+284.42,+285.03,+174.60,84.18 ,71.31 ,50.16 ,190.05 
Kyrgyzstan,907,560,460,231,138,106,141,95,190,219,522,"1,157","4,726",Kyrgyzstan,46,48,38,37,34,55,63,48,46,122,248,523,"1,308",Kyrgyzstan,"+1,871.74","+1,066.67","+1,110.53",+524.32,+305.88,+92.73,+123.81,+97.92,+313.04,79.51 ,110.48 ,121.22 ,261.31 
Latvia,"1,413","1,180","1,048",483,344,245,209,254,400,644,"1,385","1,532","9,137",Latvia,310,428,362,267,133,120,127,161,207,464,"1,041","1,138","4,758",Latvia,+355.81,+175.70,+189.50,+80.90,+158.65,+104.17,+64.57,+57.76,+93.24,38.79 ,33.05 ,34.62 ,92.03 
Lithuania,"2,658","3,022","2,109","1,050",770,578,522,444,685,"1,426","2,397","3,014","18,675",Lithuania,768,798,730,464,362,364,279,337,469,941,"1,791","1,972","9,275",Lithuania,+246.09,+278.70,+188.90,+126.29,+112.71,+58.79,+87.10,+31.75,+46.06,51.54 ,33.84 ,52.84 ,101.35 
Poland," 16,129 "," 16,347 "," 12,648 "," 5,799 "," 4,469 "," 3,498 "," 3,595 "," 3,950 "," 5,152 "," 8,289 "," 21,995 "," 19,829 "," 121,700 ",Poland," 1,364 "," 1,522 "," 1,768 "," 1,941 "," 1,691 "," 2,304 "," 2,530 "," 3,200 "," 4,160 "," 5,938 "," 12,658 "," 10,393 "," 49,469 ",Poland,"+1,082.48",+974.05,+615.38,+198.76,+164.28,+51.82,+42.09,+23.44,+23.85,39.59 ,73.76 ,90.79 ,146.01 
Romania," 4,592 "," 4,739 "," 3,505 "," 2,256 "," 1,388 "," 1,104 "," 1,001 "," 1,238 "," 1,477 "," 2,945 "," 4,538 "," 7,367 "," 36,150 ",Romania, 646 , 609 , 617 , 961 , 443 , 463 , 455 , 596 , 687 ," 1,873 "," 3,037 "," 3,794 "," 14,181 ",Romania,+610.84,+678.16,+468.07,+134.76,+213.32,+138.44,+120.00,+107.72,+114.99,57.23 ,49.42 ,94.18 ,154.92 
Russian Federation," 202,759 "," 186,103 "," 177,805 "," 115,706 "," 58,467 "," 50,734 "," 64,937 "," 66,602 "," 68,660 "," 107,511 "," 177,517 "," 205,810 "," 1,482,611 ",Russian Federation," 23,669 "," 17,979 "," 9,132 "," 5,139 "," 7,006 "," 8,072 "," 6,705 "," 8,679 "," 15,182 "," 42,796 "," 106,676 "," 178,324 "," 429,359 ",Russian Federation,+756.64,+935.11,"+1,847.05","+2,151.53",+734.53,+528.52,+868.49,+667.39,+352.25,151.22 ,66.41 ,15.41 ,245.31 
Slovakia," 2,657 "," 3,212 "," 2,626 "," 1,624 ", 957 , 771 , 828 , 627 , 794 ," 1,174 "," 2,549 "," 3,484 "," 21,303 ",Slovakia, 412 , 500 , 523 , 605 , 327 , 373 , 629 , 548 , 672 , 845 ," 1,761 "," 2,249 "," 9,444 ",Slovakia,+544.90,+542.40,+402.10,+168.43,+192.66,+106.70,+31.64,+14.42,+18.15,38.93 ,44.75 ,54.91 ,125.57 
Ukraine," 4,652 "," 3,881 "," 3,505 "," 2,411 "," 2,133 "," 1,901 "," 2,024 "," 1,945 "," 2,031 "," 2,610 "," 3,673 "," 5,660 "," 36,426 ",Ukraine," 2,292 "," 1,877 ", 631 , 706 , 772 , 838 , 783 ," 1,131 "," 1,359 "," 1,892 "," 3,027 "," 3,997 "," 19,305 ",Ukraine,+102.97,+106.77,+455.47,+241.50,+176.30,+126.85,+158.49,+71.97,+49.45,37.95 ,21.34 ,41.61 ,88.69 
Uzbekistan," 4,940 "," 3,810 "," 3,315 "," 1,596 "," 1,460 "," 1,517 "," 1,715 "," 1,837 "," 1,720 "," 2,734 "," 3,621 "," 5,886 "," 34,151 ",Uzbekistan, 662 , 175 , 160 , 62 , 218 , 346 , 493 , 588 , 513 , 637 ," 1,838 "," 2,971 "," 8,663 ",Uzbekistan,+646.22,"+2,077.14","+1,971.88","+2,474.19",+569.72,+338.44,+247.87,+212.41,+235.28,329.20 ,97.01 ,98.12 ,294.22 
Southern/Medit. Europe," 69,937 "," 60,888 "," 56,959 "," 46,890 "," 33,060 "," 40,319 "," 59,678 "," 92,198 "," 59,969 "," 51,894 "," 65,587 "," 78,263 "," 715,642 ",Southern/Medit. Europe," 6,595 "," 9,343 "," 12,524 "," 17,763 "," 14,712 "," 18,100 "," 32,901 "," 56,263 "," 47,025 "," 44,255 "," 53,623 "," 60,758 "," 373,862 ",Southern/Medit. Europe,+960.45,+551.70,+354.80,+163.98,+124.71,+122.76,+81.39,+63.87,+27.53,17.26 ,22.31 ,28.81 ,91.42 
Croatia, 900 , 817 , 555 , 336 , 188 , 174 , 227 , 243 , 265 , 343 , 810 ," 1,512 "," 6,370 ",Croatia, 118 , 65 , 84 , 99 , 59 , 66 , 115 , 114 , 117 , 160 , 468 , 855 ," 2,320 ",Croatia,+662.71,"+1,156.92",+560.71,+239.39,+218.64,+163.64,+97.39,+113.16,+126.50,114.38 ,73.08 ,76.84 ,174.57 
Cyprus, 274 , 202 , 204 , 189 , 138 , 200 , 214 , 511 , 169 , 177 , 232 , 383 ," 2,893 ",Cyprus, 29 , 37 , 48 , 59 , 63 , 54 , 97 , 253 , 120 , 93 , 205 , 276 ," 1,334 ",Cyprus,+844.83,+445.95,+325.00,+220.34,+119.05,+270.37,+120.62,+101.98,+40.83,90.32 ,13.17 ,38.77 ,116.87 
Greece," 2,136 "," 1,733 "," 1,324 "," 1,177 ", 568 , 534 , 713 ," 1,537 ", 663 ," 1,061 "," 2,256 "," 2,860 "," 16,562 ",Greece, 199 , 204 , 221 , 305 , 341 , 331 , 355 , 906 , 499 , 748 ," 1,484 "," 1,553 "," 7,146 ",Greece,+973.37,+749.51,+499.10,+285.90,+66.57,+61.33,+100.85,+69.65,+32.87,41.84 ,52.02 ,84.16 ,131.77 
Israel," 24,321 "," 21,314 "," 22,697 "," 17,820 "," 11,191 "," 13,134 "," 21,651 "," 27,135 "," 26,968 "," 13,043 "," 6,962 "," 10,848 "," 217,084 ",Israel," 3,056 "," 4,636 "," 6,508 "," 9,772 "," 5,709 "," 6,271 "," 13,463 "," 17,061 "," 24,094 "," 18,289 "," 15,423 "," 20,825 "," 145,107 ",Israel,+695.84,+359.75,+248.76,+82.36,+96.02,+109.44,+60.82,+59.05,+11.93,(28.68),(54.86),(47.91),49.60 
Italy," 21,695 "," 17,808 "," 13,422 "," 10,329 "," 7,089 "," 8,055 "," 12,452 "," 29,929 "," 9,229 "," 10,724 "," 19,955 "," 31,296 "," 191,983 ",Italy," 1,340 "," 1,830 "," 2,166 "," 2,692 "," 2,847 "," 3,876 "," 5,886 "," 15,430 "," 7,076 "," 7,819 "," 12,876 "," 18,387 "," 82,225 ",Italy,"+1,519.03",+873.11,+519.67,+283.69,+149.00,+107.82,+111.55,+93.97,+30.43,37.15 ,54.98 ,70.21 ,133.48 
Portugal," 2,809 "," 3,043 "," 3,370 "," 3,775 "," 2,455 "," 2,273 "," 2,667 "," 3,358 "," 2,602 "," 3,603 "," 5,607 "," 5,539 "," 41,101 ",Portugal, 212 , 325 , 523 , 895 , 760 , 956 ," 1,145 "," 1,761 "," 1,587 "," 2,229 "," 3,632 "," 2,660 "," 16,685 ",Portugal,"+1,225.00",+836.31,+544.36,+321.79,+223.03,+137.76,+132.93,+90.69,+63.96,61.64 ,54.38 ,108.23 ,146.34 
Serbia," 1,324 "," 1,083 ", 761 , 452 , 189 , 192 , 318 , 282 , 330 , 309 , 772 ," 1,243 "," 7,255 ",Serbia, 176 , 147 , 84 , 105 , 50 , 64 , 115 , 142 , 148 , 227 , 395 , 597 ," 2,250 ",Serbia,+652.27,+636.73,+805.95,+330.48,+278.00,+200.00,+176.52,+98.59,+122.97,36.12 ,95.44 ,108.21 ,222.44 
Slovenia," 1,240 "," 1,236 ", 792 , 764 , 336 , 385 , 618 , 381 , 570 , 998 ," 1,006 "," 1,502 "," 9,828 ",Slovenia, 118 , 158 , 134 , 210 , 155 , 186 , 301 , 246 , 301 , 425 , 561 , 675 ," 3,470 ",Slovenia,+950.85,+682.28,+491.04,+263.81,+116.77,+106.99,+105.32,+54.88,+89.37,134.82 ,79.32 ,122.52 ,183.23 
Spain," 8,488 "," 8,182 "," 8,525 "," 7,620 "," 7,015 "," 9,917 "," 16,428 "," 24,643 "," 14,110 "," 15,691 "," 19,174 "," 13,665 "," 153,458 ",Spain, 772 ," 1,130 "," 1,678 "," 2,747 "," 3,123 "," 4,830 "," 9,789 "," 18,440 "," 10,348 "," 10,916 "," 12,672 "," 9,752 "," 86,197 ",Spain,+999.48,+624.07,+408.05,+177.39,+124.62,+105.32,+67.82,+33.64,+36.35,43.74 ,51.31 ,40.13 ,78.03 
Turkey," 6,750 "," 5,470 "," 5,309 "," 4,428 "," 3,891 "," 5,455 "," 4,390 "," 4,179 "," 5,063 "," 5,945 "," 8,813 "," 9,415 "," 69,108 ",Turkey, 575 , 811 ," 1,078 ", 879 ," 1,605 "," 1,466 "," 1,635 "," 1,910 "," 2,735 "," 3,349 "," 5,907 "," 5,178 "," 27,128 ",Turkey,"+1,073.91",+574.48,+392.49,+403.75,+142.43,+272.10,+168.50,+118.80,+85.12,77.52 ,49.20 ,81.83 ,154.75 
Other in Europe," 1,574 "," 1,479 "," 1,495 ", 990 , 635 , 667 , 655 , 798 , 734 , 957 ," 1,656 "," 2,563 "," 14,203 ",Other in Europe, 172 , 227 , 250 , 279 , 306 , 247 , 335 , 455 , 490 , 620 , 926 ," 1,434 "," 5,741 ",Other in Europe,+815.12,+551.54,+498.00,+254.84,+107.52,+170.04,+95.52,+75.38,+49.80,54.35 ,78.83 ,78.73 ,147.40 
America," 118,891 "," 117,838 "," 120,596 "," 100,424 "," 85,529 "," 94,143 "," 96,758 "," 74,573 "," 73,781 "," 97,572 "," 147,089 "," 160,267 "," 1,287,461 ",America," 8,437 "," 10,675 "," 18,214 "," 22,456 "," 30,828 "," 41,208 "," 52,652 "," 46,137 "," 49,722 "," 75,842 "," 106,637 "," 123,345 "," 586,153 ",America,"+1,309.16","+1,003.87",+562.11,+347.20,+177.44,+128.46,+83.77,+61.63,+48.39,28.65 ,37.93 ,29.93 ,119.65 
Canada," 23,744 "," 23,740 "," 22,786 "," 16,579 "," 13,969 "," 11,035 "," 13,023 "," 11,251 "," 10,700 "," 16,248 "," 23,831 "," 27,358 "," 214,264 ",Canada," 1,484 "," 1,747 "," 2,740 "," 3,246 "," 4,544 "," 4,522 "," 6,404 "," 6,137 "," 7,212 "," 11,826 "," 17,126 "," 20,844 "," 87,832 ",Canada,"+1,500.00","+1,258.90",+731.61,+410.75,+207.42,+144.03,+103.36,+83.33,+48.36,37.39 ,39.15 ,31.25 ,143.95 
Mexico," 1,616 "," 1,968 "," 2,671 "," 2,753 "," 2,235 "," 1,801 "," 2,224 "," 1,865 "," 3,183 "," 3,367 "," 5,158 "," 3,354 "," 32,195 ",Mexico, 36 , 59 , 149 , 399 , 406 , 585 ," 1,004 ", 907 ," 1,511 "," 2,260 "," 2,120 "," 1,865 "," 11,301 ",Mexico,"+4,388.89","+3,235.59","+1,692.62",+589.97,+450.49,+207.86,+121.51,+105.62,+110.66,48.98 ,143.30 ,79.84 ,184.89 
United State of America," 82,470 "," 81,946 "," 84,101 "," 72,139 "," 62,058 "," 75,623 "," 75,914 "," 55,960 "," 52,895 "," 68,563 "," 103,726 "," 114,811 "," 930,206 ",United State of America," 6,236 "," 7,833 "," 13,575 "," 16,486 "," 23,109 "," 33,113 "," 41,802 "," 35,336 "," 36,832 "," 54,701 "," 77,547 "," 90,839 "," 437,409 ",United State of America,"+1,222.48",+946.16,+519.53,+337.58,+168.54,+128.38,+81.60,+58.37,+43.61,25.34 ,33.76 ,26.39 ,112.66 
Argentina," 2,889 "," 2,248 "," 2,023 "," 1,513 "," 1,121 ", 876 , 791 , 759 , 955 ," 1,378 "," 1,894 "," 2,335 "," 18,782 ",Argentina, 124 , 208 , 313 , 449 , 511 , 496 , 482 , 541 , 601 ," 1,186 "," 1,433 "," 1,735 "," 8,079 ",Argentina,"+2,229.84",+980.77,+546.33,+236.97,+119.37,+76.61,+64.11,+40.30,+58.90,16.19 ,32.17 ,34.58 ,132.48 
Brazil," 5,186 "," 4,405 "," 5,048 "," 3,644 "," 2,966 "," 2,282 "," 2,197 "," 2,221 "," 2,800 "," 3,815 "," 7,393 "," 8,048 "," 50,005 ",Brazil, 319 , 521 , 900 ," 1,083 "," 1,284 "," 1,390 "," 1,556 "," 1,717 "," 1,856 "," 3,481 "," 5,399 "," 5,359 "," 24,865 ",Brazil,"+1,525.71",+745.49,+460.89,+236.47,+131.00,+64.17,+41.20,+29.35,+50.86,9.59 ,36.93 ,50.18 ,101.11 
Chile," 1,253 "," 1,654 "," 1,250 ", 984 , 910 , 843 , 763 , 739 , 948 ," 1,418 "," 1,493 "," 1,328 "," 13,583 ",Chile, 114 , 134 , 201 , 233 , 347 , 329 , 410 , 479 , 469 , 665 , 817 , 724 ," 4,922 ",Chile,+999.12,"+1,134.33",+521.89,+322.32,+162.25,+156.23,+86.10,+54.28,+102.13,113.23 ,82.74 ,83.43 ,175.97 
Colombia, 470 , 499 , 750 , 689 , 602 , 540 , 511 , 494 , 818 , 982 ," 1,320 "," 1,142 "," 8,817 ",Colombia, 42 , 52 , 88 , 200 , 201 , 279 , 348 , 348 , 349 , 601 , 732 , 650 ," 3,890 ",Colombia,"+1,019.05",+859.62,+752.27,+244.50,+199.50,+93.55,+46.84,+41.95,+134.38,63.39 ,80.33 ,75.69 ,126.66 
Peru, 458 , 435 , 509 , 515 , 504 , 413 , 486 , 438 , 563 , 673 , 819 , 584 ," 6,397 ",Peru, 25 , 50 , 79 , 122 , 179 , 202 , 233 , 241 , 337 , 358 , 499 , 421 ," 2,746 ",Peru,"+1,732.00",+770.00,+544.30,+322.13,+181.56,+104.46,+108.58,+81.74,+67.06,87.99 ,64.13 ,38.72 ,132.96 
Uruguay, 137 , 304 , 593 , 815 , 456 , 71 , 61 , 48 , 59 , 156 , 177 , 187 ," 3,064 ",Uruguay, 5 , 9 , 4 , 28 , 21 , 33 , 39 , 42 , 42 , 111 , 235 , 149 , 718 ,Uruguay,"+2,640.00","+3,277.78","+14,725.00","+2,810.71","+2,071.43",+115.15,+56.41,+14.29,+40.48,40.54 ,(24.68),25.50 ,326.74 
  Other in America, 668 , 639 , 865 , 793 , 708 , 659 , 788 , 798 , 860 , 972 ," 1,278 "," 1,120 "," 10,148 ",Other in America, 52 , 62 , 165 , 210 , 226 , 259 , 374 , 389 , 513 , 653 , 729 , 759 ," 4,391 ",Other in America,"+1,184.62",+930.65,+424.24,+277.62,+213.27,+154.44,+110.70,+105.14,+67.64,48.85 ,75.31 ,47.56 ,131.11 
Middle East," 30,556 "," 26,948 "," 19,574 "," 26,190 "," 42,384 "," 67,329 "," 111,855 "," 87,012 "," 50,436 "," 44,644 "," 45,710 "," 47,861 "," 600,499 ",Middle East," 1,366 "," 4,408 "," 8,734 "," 4,716 "," 32,019 "," 34,980 "," 51,467 "," 44,075 "," 30,901 "," 25,708 "," 32,215 "," 31,499 "," 302,088 ",Middle East,"+2,136.90",+511.34,+124.11,+455.34,+32.37,+92.48,+117.33,+97.42,+63.22,73.66 ,41.89 ,51.94 ,98.78 
Bahrain," 1,339 "," 1,019 ", 638 ," 1,160 "," 1,966 "," 3,468 "," 3,661 "," 4,278 "," 2,080 "," 2,474 "," 1,870 "," 2,118 "," 26,071 ",Bahrain, 75 , 128 , 272 , 220 , 943 ," 1,090 "," 1,431 "," 1,425 "," 1,160 "," 1,248 "," 1,187 "," 1,467 "," 10,646 ",Bahrain,"+1,685.33",+696.09,+134.56,+427.27,+108.48,+218.17,+155.84,+200.21,+79.31,98.24 ,57.54 ,44.38 ,144.89 
Egypt, 904 ," 1,238 ", 829 , 826 ," 1,163 "," 1,382 "," 1,138 "," 1,341 "," 1,332 "," 1,624 "," 1,411 "," 1,742 "," 14,930 ",Egypt, 40 , 150 , 340 , 245 ," 1,103 ", 951 ," 1,028 ", 761 ," 1,200 "," 1,320 "," 1,369 "," 1,166 "," 9,673 ",Egypt,"+2,160.00",+725.33,+143.82,+237.14,+5.44,+45.32,+10.70,+76.22,+11.00,23.03 ,3.07 ,49.40 ,54.35 
Iraq, 329 , 311 , 287 , 222 , 258 , 226 , 294 , 405 , 289 , 354 , 382 , 603 ," 3,960 ",Iraq, 44 , 94 , 80 , 75 , 147 , 205 , 147 , 192 , 246 , 218 , 261 , 323 ," 2,032 ",Iraq,+647.73,+230.85,+258.75,+196.00,+75.51,+10.24,+100.00,+110.94,+17.48,62.39 ,46.36 ,86.69 ,94.88 
Jordan, 665 , 663 , 586 , 653 , 804 ," 1,183 "," 1,373 "," 1,158 "," 1,124 "," 1,027 ", 764 ," 1,023 "," 11,023 ",Jordan, 95 , 115 , 208 , 181 , 500 , 446 , 596 , 578 , 622 , 688 , 757 , 780 ," 5,566 ",Jordan,+600.00,+476.52,+181.73,+260.77,+60.80,+165.25,+130.37,+100.35,+80.71,49.27 ,0.92 ,31.15 ,98.04 
Kuwait," 7,099 "," 4,586 "," 2,371 "," 3,341 "," 5,064 "," 8,243 "," 11,533 "," 17,304 "," 6,704 "," 4,561 "," 4,024 "," 4,425 "," 79,255 ",Kuwait, 415 ," 1,195 "," 1,325 ", 938 ," 3,296 "," 5,611 "," 5,918 "," 9,752 "," 5,723 "," 2,878 "," 3,649 "," 3,634 "," 44,334 ",Kuwait,"+1,610.60",+283.77,+78.94,+256.18,+53.64,+46.91,+94.88,+77.44,+17.14,58.48 ,10.28 ,21.77 ,78.77 
Lebanon, 169 , 265 , 256 , 294 , 253 , 305 , 332 , 297 , 198 , 266 , 314 , 668 ," 3,617 ",Lebanon, 13 , 30 , 67 , 150 , 110 , 92 , 156 , 108 , 121 , 161 , 312 , 342 ," 1,662 ",Lebanon,"+1,200.00",+783.33,+282.09,+96.00,+130.00,+231.52,+112.82,+175.00,+63.64,65.22 ,0.64 ,95.32 ,117.63 
Oman," 5,407 "," 4,672 "," 2,155 "," 2,531 "," 6,544 "," 7,539 "," 17,384 "," 12,966 "," 8,487 "," 6,897 "," 6,432 "," 5,474 "," 86,488 ",Oman, 126 , 527 , 690 , 302 ," 2,634 "," 4,015 "," 4,667 "," 5,552 "," 4,660 "," 3,529 "," 4,298 "," 4,204 "," 35,204 ",Oman,"+4,191.27",+786.53,+212.32,+738.08,+148.44,+87.77,+272.49,+133.54,+82.12,95.44 ,49.65 ,30.21 ,145.68 
Qatar," 2,404 "," 1,825 "," 2,135 "," 3,076 "," 2,153 "," 6,758 "," 9,335 "," 6,140 "," 2,248 "," 2,941 "," 1,355 "," 2,792 "," 43,162 ",Qatar, 97 , 529 ," 1,056 ", 387 ," 2,446 "," 4,301 "," 6,563 "," 1,741 "," 1,342 "," 1,019 "," 1,546 "," 2,063 "," 23,090 ",Qatar,"+2,378.35",+244.99,+102.18,+694.83,-11.98,+57.13,+42.24,+252.67,+67.51,188.62 ,(12.35),35.34 ,86.93 
Saudi Arabia," 7,462 "," 7,436 "," 6,555 "," 8,472 "," 13,431 "," 20,301 "," 33,633 "," 18,664 "," 15,382 "," 13,508 "," 21,089 "," 12,180 "," 178,113 ",Saudi Arabia, 79 , 532 ," 2,027 "," 1,386 "," 12,919 "," 11,756 "," 17,821 "," 12,781 "," 8,997 "," 7,778 "," 12,479 "," 7,603 "," 96,158 ",Saudi Arabia,"+9,345.57","+1,297.74",+223.38,+511.26,+3.96,+72.69,+88.73,+46.03,+70.97,73.67 ,69.00 ,60.20 ,85.23 
U.A.E.," 4,059 "," 4,235 "," 3,195 "," 4,869 "," 9,609 "," 16,059 "," 31,059 "," 22,800 "," 11,132 "," 9,729 "," 6,711 "," 15,477 "," 138,934 ",U.A.E., 306 , 991 ," 2,370 ", 710 ," 7,205 "," 5,581 "," 12,000 "," 10,228 "," 5,954 "," 6,020 "," 5,357 "," 9,040 "," 65,762 ",U.A.E.,"+1,226.47",+327.35,+34.81,+585.77,+33.37,+187.74,+158.83,+122.92,+86.97,61.61 ,25.28 ,71.21 ,111.27 
Yemen, 368 , 361 , 291 , 377 , 612 ," 1,066 "," 1,311 ", 988 , 814 , 757 , 806 , 709 ," 8,460 ",Yemen, 11 , 57 , 164 , 37 , 392 , 577 , 707 , 562 , 477 , 510 , 554 , 446 ," 4,494 ",Yemen,"+3,245.45",+533.33,+77.44,+918.92,+56.12,+84.75,+85.43,+75.80,+70.65,48.43 ,45.49 ,58.97 ,88.25 
 Other in Middle East, 351 , 337 , 276 , 369 , 527 , 799 , 802 , 671 , 646 , 506 , 552 , 650 ," 6,486 ",Other in Middle East, 65 , 60 , 135 , 85 , 324 , 355 , 433 , 395 , 399 , 339 , 446 , 431 ," 3,467 ",Other in Middle East,+440.00,+461.67,+104.44,+334.12,+62.65,+125.07,+85.22,+69.87,+61.90,49.26 ,23.77 ,50.81 ,87.08 
Africa," 8,100 "," 7,014 "," 8,647 "," 9,441 "," 8,778 "," 9,411 "," 10,332 "," 10,295 "," 10,620 "," 10,593 "," 10,149 "," 18,687 "," 122,067 ",Africa, 386 ," 1,160 "," 2,160 "," 2,660 "," 3,417 "," 4,328 "," 5,183 "," 6,246 "," 6,619 "," 7,676 "," 9,264 "," 14,504 "," 63,603 ",Africa,"+1,998.45",+504.66,+300.32,+254.92,+156.89,+117.44,+99.34,+64.83,+60.45,38.00 ,9.55 ,28.84 ,91.92 
Morocco, 514 , 618 , 360 , 372 , 700 , 579 , 903 ," 1,507 ", 899 , 679 , 758 ," 1,010 "," 8,899 ",Morocco, 54 , 110 , 123 , 78 , 318 , 284 , 403 , 811 , 474 , 500 , 586 , 565 ," 4,306 ",Morocco,+851.85,+461.82,+192.68,+376.92,+120.13,+103.87,+124.07,+85.82,+89.66,35.80 ,29.35 ,78.76 ,106.67 
South  Africa," 4,125 "," 2,892 "," 4,861 "," 5,265 "," 4,354 "," 5,247 "," 5,043 "," 3,492 "," 5,179 "," 5,296 "," 3,832 "," 10,694 "," 60,280 ",South  Africa, 153 , 515 ," 1,246 "," 1,786 "," 1,602 "," 2,399 "," 2,497 "," 2,160 "," 3,129 "," 4,100 "," 3,496 "," 9,130 "," 32,213 ",South  Africa,"+2,596.08",+461.55,+290.13,+194.79,+171.79,+118.72,+101.96,+61.67,+65.52,29.17 ,9.61 ,17.13 ,87.13 
Ethiopia, 787 , 785 , 827 , 887 ," 1,028 ", 866 ," 1,205 "," 1,289 "," 1,198 "," 1,444 "," 1,185 "," 1,344 "," 12,845 ",Ethiopia, 33 , 142 , 218 , 220 , 404 , 419 , 552 ," 1,051 ", 872 , 851 ," 1,017 ", 866 ," 6,645 ",Ethiopia,"+2,284.85",+452.82,+279.36,+303.18,+154.46,+106.68,+118.30,+22.65,+37.39,69.68 ,16.52 ,55.20 ,93.30 
Kenya, 198 , 284 , 256 , 408 , 362 , 246 , 327 , 541 , 270 , 395 , 367 , 805 ," 4,459 ",Kenya, 7 , 26 , 47 , 86 , 126 , 145 , 261 , 265 , 242 , 232 , 542 , 639 ," 2,618 ",Kenya,"+2,728.57",+992.31,+444.68,+374.42,+187.30,+69.66,+25.29,+104.15,+11.57,70.26 ,(32.29),25.98 ,70.32 
Mauritius, 765 , 772 , 903 ," 1,150 ", 654 , 748 , 688 , 972 ," 1,153 ", 794 ," 1,760 "," 1,740 "," 12,099 ",Mauritius, 5 , 23 , 46 , 91 , 128 , 175 , 412 , 591 , 484 , 600 ," 1,224 "," 1,248 "," 5,027 ",Mauritius,"+15,200.00","+3,256.52","+1,863.04","+1,163.74",+410.94,+327.43,+66.99,+64.47,+138.22,32.33 ,43.79 ,39.42 ,140.68 
 Other in Africa," 1,711 "," 1,663 "," 1,440 "," 1,359 "," 1,680 "," 1,725 "," 2,166 "," 2,494 "," 1,921 "," 1,985 "," 2,247 "," 3,094 "," 23,485 ",Other in Africa, 134 , 344 , 480 , 399 , 839 , 906 ," 1,058 "," 1,368 "," 1,418 "," 1,393 "," 2,399 "," 2,056 "," 12,794 ",Other in Africa,"+1,176.87",+383.43,+200.00,+240.60,+100.24,+90.40,+104.73,+82.31,+35.47,42.50 ,(6.34),50.49 ,83.56 
Grand Total," 2,144,948 "," 2,113,550 "," 2,269,733 "," 2,182,100 "," 2,013,852 "," 2,241,201 "," 2,490,643 "," 2,468,042 "," 2,130,596 "," 2,197,017 "," 2,637,077 "," 3,261,257 "," 28,150,016 ",Grand Total," 128,224 "," 151,794 "," 208,100 "," 287,511 "," 508,177 "," 768,970 "," 1,134,929 "," 1,188,218 "," 1,259,274 "," 1,467,365 "," 1,721,487 "," 2,241,177 "," 11,065,226 ",Grand Total,"+1,572.81","+1,292.38",+966.33,+658.96,+296.29,+191.45,+119.45,+107.71,+69.19,49.73 ,53.19 ,45.52 ,154.40 
หมายเหตุ 1) P หมายถึง ข้อมูลเบื้องต้น ที่อาจมีการปรับปรุงให้สมบูรณ์ขึ้นภายหลัง,,,,,,,,,,,,,,,,,,,,,,,,,,,,,,,,,,,,,,,,,
                    2) กองเศรษฐกิจการท่องเที่ยวและกีฬา ได้ปรับปรุงการจัดกลุ่มประเทศจำแนกตามภูมิภาค ให้สอดตล้องกับองค์การการท่องเที่ยวโลก (UNWTO) ตั้งแต่เดือนมกราคม 2566,,,,,,,,,,,,,,,,,,,,,,,,,,,,,,,,,,,,,,,,,
                    3) เดือนมีนาคม 2566 มีการเพิ่มเติมจำนวนนักท่องเที่ยวที่เดินทางเข้าประเทศไทยโดยใช้บัตรผ่านแดน (Border Pass) เนื่องจากที่ผ่านมาในเดือนมีนาคม 2566 มีการปรับปรุงข้อมูล,,,,,,,,,,,,,,,,,,,,,,,,,,,,,,,,,,,,,,,,,
ที่มา: กองเศรษฐกิจการท่องเที่ยวและกีฬา (ณ วันที่ 19 มกราคม 2566P) ,,,,,,,,,,,,,,,,,,,,,,,,,,,,,,,,,,,,,,,,,
